<wpml-config>
<admin-texts>
<key name="imic_options">
 <key name="header_free_line_title"/>
 <key name="header_free_line_icon"/>
 <key name="header_free_line"/>
 <key name="header_email_us_title"/>
 <key name="header_email_us_icon"/>
 <key name="header_email_us"/>
 <key name="header_working_hours_title"/>
 <key name="header_working_hours_icon"/>
 <key name="header_working_hours"/>
 <key name="footer_copyright_text"/>
 <key name="facebook_share_alt"/>
 <key name="twitter_share_alt"/>
 <key name="google_share_alt"/>
 <key name="tumblr_share_alt"/>
 <key name="pinterest_share_alt"/>
 <key name="reddit_share_alt"/>
 <key name="linkedin_share_alt"/>
 <key name="email_share_alt"/>
 <key name="vk_share_alt"/>
 <key name="share_before_text"/>
 <key name="logged_out_msg"/>
 <key name="no_agents_msg"/>
 <key name="paypal_thanks"/>
 <key name="sub_city1"/>
 <key name="sub_city2"/>
 <key name="sub_city3"/>
 <key name="property_id_wording"/>
</key>
</admin-texts>
</wpml-config>